firstname,lastname,email
Vere,Brittani,Vere.Brittani@yopmail.com
Magdalena,Lemuela,Magdalena.Lemuela@yopmail.com
Ricky,Tjon,Ricky.Tjon@yopmail.com
Carlie,Norrie,Carlie.Norrie@yopmail.com
Tersina,Robertson,Tersina.Robertson@yopmail.com
Heddie,Kat,Heddie.Kat@yopmail.com
Carol-Jean,Kolnick,Carol-Jean.Kolnick@yopmail.com
Danika,Capello,Danika.Capello@yopmail.com
Agathe,Millda,Agathe.Millda@yopmail.com
Misha,Juliet,Misha.Juliet@yopmail.com